,model,accuracy,precision,recall,f1,train_time,pred_time
0,svm,0.9722222222222222,0.9743589743589745,0.9761904761904763,0.974320987654321,0.006460800010245293,0.0009213000303134322
1,rf,0.9722222222222222,0.9777777777777779,0.9666666666666667,0.9709618874773139,0.4834336999920197,0.03396710002562031
2,lr,0.9722222222222222,0.9777777777777779,0.9666666666666667,0.9709618874773139,0.0787838000105694,0.0006257999921217561
